{
    "0": {
        "precision": 0.7705073494547179,
        "recall": 0.9453170447934846,
        "f1-score": 0.8490073145245559,
        "support": 3438.0
    },
    "1": {
        "precision": 0.8600315126050421,
        "recall": 0.7691404415218412,
        "f1-score": 0.8120505826927845,
        "support": 4258.0
    },
    "2": {
        "precision": 0.7090142329994729,
        "recall": 0.6039515042658284,
        "f1-score": 0.6522793404461688,
        "support": 2227.0
    },
    "accuracy": 0.7931069233094831,
    "macro avg": {
        "precision": 0.779851031686411,
        "recall": 0.7728029968603848,
        "f1-score": 0.771112412554503,
        "support": 9923.0
    },
    "weighted avg": {
        "precision": 0.7951217519890573,
        "recall": 0.7931069233094831,
        "f1-score": 0.7889977445948724,
        "support": 9923.0
    }
}