{
    "0": {
        "precision": 0.7727384767069263,
        "recall": 0.947129909365559,
        "f1-score": 0.8510927107370707,
        "support": 3310.0
    },
    "1": {
        "precision": 0.8581967213114754,
        "recall": 0.7659107534747622,
        "f1-score": 0.8094317742558949,
        "support": 4101.0
    },
    "2": {
        "precision": 0.70620239390642,
        "recall": 0.605410447761194,
        "f1-score": 0.6519337016574586,
        "support": 2144.0
    },
    "accuracy": 0.7926739926739926,
    "macro avg": {
        "precision": 0.7790458639749406,
        "recall": 0.7728170368671717,
        "f1-score": 0.7708193955501413,
        "support": 9555.0
    },
    "weighted avg": {
        "precision": 0.7944873934624439,
        "recall": 0.7926739926739926,
        "f1-score": 0.7885235410901852,
        "support": 9555.0
    }
}