{
    "accuracy": 0.7931069233094831,
    "precision": 0.7951217519890573,
    "recall": 0.7931069233094831,
    "f1_score": 0.7889977445948724
}