{
    "accuracy": 0.7913582934262081,
    "precision": 0.7925763888049739,
    "recall": 0.7913582934262081,
    "f1_score": 0.7871501754134089
}