{
    "accuracy": 0.7926739926739926,
    "precision": 0.7944873934624439,
    "recall": 0.7926739926739926,
    "f1_score": 0.7885235410901852
}