{
  "0": {
    "precision": 0.7722823286965482,
    "recall": 0.9418787307571473,
    "f1-score": 0.848690728945506,
    "support": 3183.0
  },
  "1": {
    "precision": 0.8534870641169854,
    "recall": 0.769718488460563,
    "f1-score": 0.8094412588345112,
    "support": 3943.0
  },
  "2": {
    "precision": 0.7074285714285714,
    "recall": 0.600387972841901,
    "f1-score": 0.6495278069254984,
    "support": 2062.0
  },
  "accuracy": 0.7913582934262081,
  "macro avg": {
    "precision": 0.7777326547473683,
    "recall": 0.7706617306865372,
    "f1-score": 0.7692199315685052,
    "support": 9188.0
  },
  "weighted avg": {
    "precision": 0.7925763888049739,
    "recall": 0.7913582934262081,
    "f1-score": 0.7871501754134089,
    "support": 9188.0
  }
}